,District_Name,Total_Operating_Revenue,Student_Count,per_student_budget,Latitude,Longitude
0,cayuga isd,8558886.0,564.0,15175,31.922572,-95.973648
3,elkhart isd,11696322.0,1254.0,9327,31.62245863,-95.5816751
8,frankston isd,8802724.0,803.0,10962,32.0610368,-95.50696293
11,neches isd,4021890.0,366.0,10989,31.874916,-95.495787
14,palestine isd,36374344.0,3389.0,10733,31.75775551,-95.61799731
20,westwood isd,15231722.0,1518.0,10034,31.72719211,-95.68118219
24,slocum isd,4151210.0,406.0,10225,31.632045,-95.462142
27,andrews isd,40057067.0,4314.0,9285,32.32099918,-102.551191
33,pineywoods community academy,9395002.0,1022.0,9193,31.33266083,-94.73220624
35,hudson isd,26374102.0,2957.0,8919,31.315735,-94.828386
40,lufkin isd,78461859.0,7827.0,10025,31.33937115,-94.72967692
58,huntington isd,16947679.0,1659.0,10216,31.263539,-94.573865
63,diboll isd,19946513.0,1870.0,10667,31.18618301,-94.78189472
69,zavalla isd,4402564.0,360.0,12229,31.15872513,-94.42183676
72,central isd,15057245.0,1465.0,10278,31.42868869,-94.81239558
76,aransas county isd,33039677.0,2826.0,11691,28.040669,-97.045006
81,archer city isd,6010773.0,505.0,11903,33.58820087,-98.63009172
83,holliday isd,8762606.0,1046.0,8377,33.809007,-98.688912
86,windthorst isd,4498794.0,403.0,11163,33.574091,-98.439122
89,claude isd,3895489.0,358.0,10881,35.106296,-101.366248
91,charlotte isd,6451488.0,469.0,13756,28.862161,-98.703265
96,jourdanton isd,15669536.0,1606.0,9757,28.90869067,-98.53975411
102,lytle isd,16842567.0,1724.0,9769,29.237035,-98.80709
108,pleasanton isd,33849355.0,3555.0,9522,28.96605718,-98.49260327
116,poteet isd,15923027.0,1695.0,9394,29.04711,-98.565391
121,bellville isd,22354620.0,2221.0,10065,29.9444988,-96.25680224
127,sealy isd,28890692.0,2751.0,10502,29.77405248,-96.16126955
131,brazos isd,8740327.0,825.0,10594,29.61900166,-96.03746454
135,muleshoe isd,16183678.0,1414.0,11445,34.22383603,-102.7324897
140,medina isd,4122340.0,306.0,13472,29.799599,-99.248349
141,bandera isd,20833713.0,2230.0,9342,29.72375336,-99.07681196
145,bastrop isd,104152991.0,11043.0,9432,30.11281917,-97.31640945
161,elgin isd,46541069.0,4438.0,10487,30.35251329,-97.37756888
168,smithville isd,18906802.0,1800.0,10504,29.99801,-97.166064
173,mcdade isd,3960976.0,382.0,10369,30.28322051,-97.23952864
174,seymour isd,7154573.0,582.0,12293,33.59304465,-99.26551155
177,st mary's academy charter school,4822768.0,430.0,11216,28.40816693,-97.74423503
178,beeville isd,30988136.0,3305.0,9376,28.40290703,-97.748699
184,pawnee isd,4289446.0,318.0,13489,28.651555,-98.00434
185,pettus isd,6417847.0,417.0,15391,28.62397144,-97.80064256
187,skidmore-tynan isd,8554558.0,826.0,10357,28.25395115,-97.68676394
191,priority charter schools,9686360.0,789.0,12277,31.09042848,-97.32608858
196,orenda charter school,12379169.0,1719.0,7201,30.66231724,-97.69125154
201,academy isd,14047027.0,1641.0,8560,30.9814118,-97.34395782
206,bartlett isd,4138569.0,342.0,12101,30.796769,-97.422253
209,belton isd,106352764.0,11861.0,8967,31.08723,-97.47017
225,holland isd,8450980.0,656.0,12883,30.88089941,-97.40986001
230,killeen isd,417225385.0,44919.0,9288,31.111575,-97.697943
285,rogers isd,8327294.0,867.0,9605,30.928945,-97.229804
290,salado isd,16276462.0,1948.0,8355,30.966073,-97.538511
296,temple isd,83071222.0,8698.0,9551,31.10216881,-97.35220349
313,troy isd,14004531.0,1539.0,9100,31.210783,-97.306362
319,por vida academy,5622129.0,228.0,24658,29.38617219,-98.49001619
322,george gervin academy,12216697.0,1054.0,11591,29.49110911,-98.42832721
325,school of excellence in education,7896749.0,649.0,12168,29.48864363,-98.51760234
332,southwest preparatory school,12258391.0,983.0,12470,29.48901856,-98.44359911
338,bexar county academy,3900701.0,349.0,11177,29.468961,-98.572234
339,positive solutions charter school,1340820.0,131.0,10235,29.43805594,-98.50284679
342,lighthouse charter school,2908518.0,332.0,8761,29.402541,-98.636172
344,school of science and technology,17983138.0,1851.0,9715,29.482475,-98.597104
346,harmony science acad (san antonio),43471162.0,4512.0,9635,29.431241,-98.653113
354,basis texas,21837817.0,2597.0,8409,29.520461,-98.590055
356,great hearts texas,31734462.0,3615.0,8779,29.43276288,-98.48234914
360,alamo heights isd,48351508.0,4843.0,9984,29.49201438,-98.46661028
366,harlandale isd,158191246.0,14073.0,11241,29.35006868,-98.48814618
397,edgewood isd,105292909.0,10166.0,10357,29.43194755,-98.56701543
423,randolph field isd,17263906.0,1467.0,11768,29.527799,-98.295582
426,san antonio isd,596033445.0,48720.0,12234,29.41742962,-98.48735349
529,south san antonio isd,92111932.0,8934.0,10310,29.350515,-98.548761
549,somerset isd,41893433.0,4156.0,10080,29.229864,-98.651715
558,north east isd,605843257.0,64850.0,9342,29.506923,-98.515631
633,east central isd,92831940.0,10029.0,9256,29.35156984,-98.29464656
648,southwest isd,143975462.0,13733.0,10484,29.308162,-98.674503
667,lackland isd,15461983.0,1072.0,14423,29.389953,-98.615538
669,ft sam houston isd,25404754.0,1586.0,16018,29.478889,-98.422462
671,northside isd,990984027.0,105797.0,9367,29.46629485,-98.61490309
794,judson isd,219543234.0,22848.0,9609,29.50965668,-98.3083376
826,southside isd,61399778.0,5660.0,10848,29.238496,-98.473445
835,johnson city isd,7543239.0,650.0,11605,30.281695,-98.412784
838,blanco isd,10968574.0,1009.0,10871,30.101994,-98.429519
841,borden county isd,5634240.0,214.0,26328,32.775151,-101.451083
843,clifton isd,9371395.0,1000.0,9371,31.78936,-97.590312
846,meridian isd,6918693.0,474.0,14596,31.942221,-97.662045
848,morgan isd,1664280.0,129.0,12901,32.019939,-97.606019
849,valley mills isd,6181501.0,648.0,9539,31.647682,-97.453115
854,walnut springs isd,1958412.0,187.0,10473,32.05493984,-97.75327657
856,iredell isd,1677668.0,141.0,11898,31.991189,-97.866924
857,kopperl isd,2414461.0,201.0,12012,32.073847,-97.500897
858,cranfills gap isd,1922654.0,133.0,14456,31.770591,-97.825101
859,dekalb isd,8219140.0,799.0,10287,33.50908787,-94.62130802
863,hooks isd,10007397.0,908.0,11021,33.468233,-94.284371
866,maud isd,5262026.0,467.0,11268,33.32486334,-94.34669938
868,new boston isd,14808034.0,1274.0,11623,33.45617563,-94.41758834
873,redwater isd,10542434.0,1130.0,9330,33.367703,-94.24888
878,texarkana isd,72425290.0,7167.0,10105,33.45475947,-94.06526421
890,liberty-eylau isd,25718552.0,2465.0,10433,33.39234335,-94.09203208
896,simms isd,5246331.0,516.0,10167,33.3489233,-94.5053813
900,malta isd,1475873.0,229.0,6445,33.46955256,-94.42543151
902,red lick isd,4608827.0,500.0,9218,33.46955256,-94.42543151
905,pleasant grove isd,19081055.0,2154.0,8858,33.46732,-94.109405
910,hubbard isd,945672.0,107.0,8838,33.46639,-94.640892
916,leary isd,1036848.0,119.0,8713,33.4600515,-94.2068898
917,alvin isd,270507477.0,25732.0,10512,29.417937,-95.253078
943,angleton isd,64525824.0,6720.0,9602,29.202296,-95.413345
954,danbury isd,8051954.0,799.0,10078,29.22474479,-95.341678
958,brazosport isd,131600427.0,12385.0,10626,28.95707373,-95.37063494
979,sweeny isd,21124202.0,1978.0,10680,29.04999788,-95.70505097
983,columbia-brazoria isd,29561072.0,3031.0,9753,29.13775303,-95.65158188
989,pearland isd,192021650.0,21526.0,8920,29.54080401,-95.26718952
1014,damon isd,2553320.0,156.0,16367,29.290694,-95.739854
1017,arrow academy,7460546.0,706.0,10567,29.87099442,-95.4923882
1025,college station isd,128472670.0,13453.0,9550,30.59263666,-96.31776842
1042,bryan isd,164275307.0,15906.0,10328,30.65557789,-96.33376114
1068,terlingua csd,1757043.0,101.0,17396,29.315347,-103.538409
1069,alpine isd,13166745.0,1008.0,13062,30.37265785,-103.6664807
1072,marathon isd,1583236.0,55.0,28786,30.210285,-103.243992
1073,san vicente isd,900796.0,13.0,69292,29.322199,-103.209837
1074,silverton isd,2403583.0,191.0,12584,34.470057,-101.308462
1075,brooks county isd,18231233.0,1564.0,11657,27.22763186,-98.15293098
1079,bangs isd,8641889.0,898.0,9623,31.717736,-99.130767
1082,brownwood isd,35730787.0,3651.0,9787,31.69257248,-98.97993392
1091,blanket isd,2548381.0,167.0,15260,31.82125,-98.792561
1092,may isd,3119710.0,266.0,11728,31.979147,-98.924973
1094,zephyr isd,2329834.0,217.0,10737,31.676352,-98.794449
1095,brookesmith isd,2208096.0,165.0,13382,31.548249,-99.118905
1096,early isd,12424813.0,1189.0,10450,31.74455438,-98.9289433
1100,caldwell isd,16605904.0,1757.0,9451,30.548384,-96.674164
1105,somerville isd,5481053.0,528.0,10381,30.341929,-96.53491
1107,snook isd,6383177.0,511.0,12492,30.490697,-96.46751
1109,burnet cisd,33092182.0,3192.0,10367,30.778077,-98.225993
1115,marble falls isd,43670167.0,4255.0,10263,30.58001904,-98.25579992
1122,lockhart isd,54927141.0,6101.0,9003,29.872606,-97.677416
1131,luling isd,13641576.0,1399.0,9751,29.6780469,-97.65369615
1135,prairie lea isd,2553254.0,216.0,11821,29.731882,-97.753382
1136,calhoun county isd,39897124.0,3834.0,10406,28.62223285,-96.64235297
1143,cross plains isd,4313532.0,340.0,12687,32.11860639,-99.16569368
1145,clyde cisd,13356493.0,1452.0,9199,32.414752,-99.52578
1149,baird isd,3972486.0,283.0,14037,32.39692767,-99.38831388
1152,eula isd,4829324.0,441.0,10951,32.33784567,-99.56196149
1155,brownsville isd,468492913.0,44356.0,10562,25.9359295,-97.48391856
1216,harlingen cisd,200778480.0,18574.0,10810,26.20792069,-97.68576778
1249,la feria isd,35428397.0,3315.0,10687,26.16099,-97.828103
1257,los fresnos cisd,111526764.0,10722.0,10402,26.082187,-97.472369
1273,point isabel isd,25215722.0,2349.0,10735,26.076376,-97.246333
1278,rio hondo isd,23989503.0,1904.0,12600,26.23076,-97.566063
1283,san benito cisd,126017855.0,10513.0,11987,26.14100066,-97.65464323
1306,santa maria isd,9545598.0,635.0,15032,26.07653,-97.844111
1310,santa rosa isd,15457888.0,1102.0,14027,26.253317,-97.822965
1315,south texas isd,61827054.0,4098.0,15087,26.29790692,-98.17720385
1323,pittsburg isd,23284161.0,2350.0,9908,32.99351464,-94.9725663
1328,groom isd,2112205.0,163.0,12958,35.205216,-101.114711
1329,panhandle isd,7959326.0,701.0,11354,35.35221,-101.383093
1332,white deer isd,3935115.0,352.0,11179,35.42840375,-101.1717397
1334,atlanta isd,19055281.0,1719.0,11085,33.12338899,-94.14538441
1339,avinger isd,1945485.0,153.0,12716,32.901605,-94.560969
1340,hughes springs isd,12390689.0,1224.0,10123,33.007125,-94.63561
1343,linden-kildare cisd,7682358.0,687.0,11182,32.978203,-94.313423
1346,mcleod isd,3931430.0,387.0,10159,32.945103,-94.083579
1349,queen city isd,10738629.0,1074.0,9999,33.14625139,-94.13801371
1352,bloomburg isd,3082275.0,270.0,11416,33.135503,-94.061413
1354,dimmitt isd,16306086.0,1230.0,13257,34.543416,-102.33017
1357,hart isd,3164305.0,213.0,14856,34.376454,-102.110068
1359,nazareth isd,2566549.0,253.0,10144,34.54311558,-102.1009748
1360,anahuac isd,13830410.0,1324.0,10446,29.7738495,-94.67750403
1366,barbers hill isd,78824264.0,5710.0,13805,29.843073,-94.852214
1376,east chambers isd,17126385.0,1510.0,11342,29.80600633,-94.38806653
1382,alto isd,6742773.0,664.0,10155,31.659546,-95.074291
1385,jacksonville isd,45566069.0,4854.0,9387,31.94911412,-95.25148524
1393,rusk isd,19881083.0,2063.0,9637,31.780332,-95.143663
1398,new summerfield isd,6986761.0,544.0,12843,31.979245,-95.09497
1399,wells isd,3707600.0,298.0,12442,31.48714756,-94.93700633
1401,childress isd,11145864.0,1095.0,10179,34.434248,-100.209659
1404,henrietta isd,10924111.0,932.0,11721,33.819793,-98.178701
1407,petrolia cisd,5586586.0,450.0,12415,34.010915,-98.228064
1409,bellevue isd,1847165.0,129.0,14319,33.631379,-98.017478
1410,midway isd,1918612.0,131.0,14646,33.628449,-98.200856
1422,morton isd,5681079.0,394.0,14419,33.72143768,-102.7640033
1424,whiteface cisd,5020167.0,312.0,16090,33.600028,-102.617209
1427,bronte isd,3076949.0,243.0,12662,31.88883265,-100.2965215
1431,robert lee isd,4016479.0,285.0,14093,31.901343,-100.486548
1438,coleman isd,10937068.0,868.0,12600,31.81183179,-99.42418234
1441,santa anna isd,3375185.0,264.0,12785,31.737164,-99.32292
1443,panther creek cisd,2168618.0,148.0,14653,31.63846023,-99.55232062
1446,allen isd,200574431.0,21483.0,9336,33.110335,-96.662105
1470,anna isd,35194176.0,3573.0,9850,33.36446,-96.562101
1477,celina isd,25731151.0,2718.0,9467,33.26914637,-96.78412264
1483,farmersville isd,16740731.0,1702.0,9836,33.16933,-96.3688
1488,frisco isd,519940249.0,60028.0,8662,33.12677373,-96.81759705
1554,mckinney isd,244089419.0,24543.0,9945,33.1860472,-96.62642344
1587,melissa isd,29275674.0,3148.0,9300,33.291023,-96.576158
1592,plano isd,549484083.0,52810.0,10405,33.0294195,-96.7532849
1677,princeton isd,44093421.0,4868.0,9058,33.17371948,-96.49096434
1687,prosper isd,130428042.0,14287.0,9129,33.302986,-96.795259
1697,wylie isd,148402074.0,16459.0,9016,33.01004557,-96.56753008
1725,blue ridge isd,8200410.0,852.0,9625,33.3090499,-96.4046918
1729,community isd,23262839.0,2385.0,9754,33.0624079,-96.36507158
1737,lovejoy isd,48721094.0,4261.0,11434,33.10022288,-96.61338649
1745,wellington isd,6881549.0,586.0,11743,34.84900315,-100.2142186
1748,columbus isd,15167669.0,1528.0,9926,29.70437419,-96.56351658
1753,rice cisd,15512123.0,1387.0,11184,29.562856,-96.507195
1759,weimar isd,7275654.0,664.0,10957,29.70344261,-96.78777738
1762,trinity charter school,8723428.0,448.0,19472,29.86352285,-98.18130464
1769,new braunfels isd,75321454.0,9110.0,8268,29.71748424,-98.15106609
1783,comal isd,209508583.0,23859.0,8781,29.7085,-98.086563
1818,comanche isd,12808884.0,1313.0,9755,31.91290784,-98.595177
1822,de leon isd,7635451.0,740.0,10318,32.11592671,-98.53643579
1825,gustine isd,2284577.0,146.0,15648,31.84331048,-98.39810744
1826,sidney isd,1642106.0,139.0,11814,31.94599,-98.736881
1827,eden cisd,2777401.0,217.0,12799,31.21800818,-99.84078366
1831,paint rock isd,3293054.0,243.0,13552,31.473584,-99.892355
1837,gainesville isd,30267311.0,3169.0,9551,33.64541517,-97.15614426
1843,muenster isd,6112187.0,501.0,12200,33.656727,-97.376915
1845,valley view isd,7794087.0,842.0,9257,33.481174,-97.163175
1858,callisburg isd,12707472.0,1151.0,11040,33.70380832,-97.01287317
1862,era isd,5012086.0,483.0,10377,33.49601118,-97.29306966
1863,lindsay isd,5085921.0,520.0,9781,33.637668,-97.22817
1865,walnut bend isd,950053.0,79.0,12026,33.613297,-97.072345
1866,sivells bend isd,943231.0,67.0,14078,33.86703,-97.224136
1867,evant isd,3540692.0,233.0,15196,31.47593965,-98.15162088
1869,gatesville isd,25790737.0,2734.0,9433,31.43216022,-97.72496414
1874,oglesby isd,2145678.0,169.0,12696,31.420185,-97.508515
1875,jonesboro isd,2900296.0,326.0,8897,31.616002,-97.885312
1876,copperas cove isd,75522588.0,8252.0,9152,31.12483823,-97.91428333
1887,paducah isd,2691628.0,202.0,13325,34.016064,-100.311509
1888,crane isd,14480999.0,1150.0,12592,31.39431287,-102.3552238
1891,crockett county consolidated csd,9290804.0,775.0,11988,30.713356,-101.201166
1894,crosbyton cisd,4971527.0,364.0,13658,33.65746181,-101.2466982
1898,lorenzo isd,5356757.0,270.0,19840,33.672551,-101.531764
1900,ralls isd,6721665.0,519.0,12951,33.681354,-101.380445
1904,culberson county-allamoore isd,5772910.0,378.0,15272,31.048136,-104.833735
1906,dalhart isd,15893764.0,1725.0,9214,36.046913,-102.498389
1911,texline isd,2403004.0,179.0,13425,36.376342,-103.018673
1914,texans can academies,57054157.0,5071.0,11251,32.80500952,-96.77781056
1925,lumin education,3823891.0,296.0,12919,32.80819361,-96.7380836
1926,advantage academy,14295899.0,1689.0,8464,32.71331984,-97.0180905
1927,life school,55705367.0,5703.0,9768,32.69134791,-96.82259074
1934,universal academy,17151668.0,2058.0,8334,32.84169369,-96.95900517
1937,nova academy,1266405.0,135.0,9381,32.765841,-96.709742
1938,academy of dallas,4859433.0,487.0,9978,32.68806572,-96.83958531
1939,trinity basin preparatory,31120488.0,3496.0,8902,32.75882644,-96.81260526
1940,academy for academic excellence,8061579.0,505.0,15964,32.76969508,-96.86720292
1946,jean massieu academy,2147269.0,195.0,11012,32.7473701,-97.10611895
1948,winfree academy charter schools,10198231.0,1314.0,7761,32.86957626,-96.98410877
1954,a+ academy,14454316.0,1409.0,10259,32.69060494,-96.64419343
1955,inspired vision academy,13952550.0,1353.0,10312,32.7427778,-96.67605741
1957,gateway charter academy,6417250.0,758.0,8466,32.674079,-96.805926
1960,evolution academy charter school,5951594.0,827.0,7197,32.93527788,-96.74289908
1964,golden rule charter school,14567374.0,1532.0,9509,32.72015495,-96.86250558
1969,st anthony school,3174596.0,308.0,10307,32.76269474,-96.76237767
1971,la academia de estrellas,9869577.0,1096.0,9005,32.70569028,-96.89854587
1972,richland collegiate high school,4795194.0,592.0,8100,32.92191703,-96.73543266
1973,cityscape schools,7584390.0,878.0,8638,32.79809218,-96.7427478
1974,manara academy,8328899.0,891.0,9348,32.91808542,-97.00492514
1976,ume preparatory academy,5934914.0,844.0,7032,32.695281,-96.934587
1977,legacy preparatory,13267246.0,1390.0,9545,32.76825806,-96.67466143
1980,village tech schools,8373429.0,1114.0,7517,32.574556,-96.920038
1984,carrollton-farmers branch isd,262321316.0,25525.0,10277,32.94909522,-96.89044957
2025,cedar hill isd,76496694.0,7779.0,9834,32.58232264,-96.94704258
2041,dallas isd,1589373269.0,155030.0,10252,32.827132,-96.680891
2278,desoto isd,109478587.0,9390.0,11659,32.58236456,-96.86899274
2291,duncanville isd,125911034.0,12674.0,9935,32.66229878,-96.92811329
2310,garland isd,522901676.0,55848.0,9363,32.91085458,-96.64796483
2384,grand prairie isd,301733315.0,29137.0,10356,32.75286736,-97.00572377
2428,highland park isd,70046074.0,6801.0,10299,32.84644187,-96.80715716
2440,irving isd,341580786.0,33392.0,10229,32.82257203,-96.94978931
2478,lancaster isd,72535159.0,7344.0,9877,32.61849883,-96.76359245
2490,mesquite isd,377150760.0,40278.0,9364,32.76638855,-96.60173281
2538,richardson isd,370898309.0,38985.0,9514,32.88632765,-96.7265117
2596,sunnyvale isd,17634253.0,1880.0,9380,32.80304956,-96.56083389
2600,coppell isd,118260408.0,12857.0,9198,32.975197,-96.998507
2617,dawson isd,1806431.0,108.0,16726,33.184848,-102.291579
2621,klondike isd,3734660.0,260.0,14364,32.55914476,-101.9571423
2622,lamesa isd,21340430.0,1879.0,11357,32.74472071,-101.9598556
2627,sands cisd,3450967.0,252.0,13694,32.732996,-101.948996
2628,hereford isd,38713152.0,4086.0,9475,34.82697175,-102.3963588
2638,walcott isd,2148911.0,146.0,14719,34.92703034,-102.815544
2639,cooper isd,8306151.0,809.0,10267,33.36820903,-95.68873503
2642,fannindel isd,2282843.0,168.0,13588,33.42515893,-95.95249195
2645,leadership prep school,8837679.0,1242.0,7116,33.14794134,-96.86258627
2647,denton isd,295199810.0,29952.0,9856,33.21156713,-97.0767876
2687,lewisville isd,505893384.0,52104.0,9709,33.04068369,-97.01786776
2759,pilot point isd,13965648.0,1392.0,10033,33.40921418,-96.94935168
2764,krum isd,20602315.0,2045.0,10074,33.264492,-97.226132
2770,ponder isd,14615398.0,1547.0,9448,33.18305238,-97.28369252
2774,aubrey isd,22245879.0,2440.0,9117,33.29864499,-96.98077014
2779,sanger isd,34053467.0,2752.0,12374,33.374692,-97.160393
2787,argyle isd,28733874.0,3039.0,9455,32.323251,-98.082399
2792,northwest isd,229090994.0,24052.0,9525,33.025468,-97.313422
2821,lake dallas isd,40500126.0,4016.0,10085,33.133275,-97.061659
2827,little elm isd,72205131.0,7758.0,9307,33.18101504,-96.91031822
2836,cuero isd,21129439.0,1978.0,10682,29.09050586,-97.28102252
2842,nordheim isd,1879905.0,149.0,12617,28.923369,-97.612046
2844,yoakum isd,22445217.0,1611.0,13932,29.29085996,-97.15884064
2849,yorktown isd,5491793.0,545.0,10077,28.98022727,-97.50757268
2853,westhoff isd,1461748.0,87.0,16802,29.10342,-97.2813
2855,meyersville isd,1385585.0,132.0,10497,29.2897927,-97.14199355
2857,spur isd,3490137.0,245.0,14245,33.4839641,-100.8602891
2858,patton springs isd,1948094.0,97.0,20083,33.775723,-100.746109
2859,carrizo springs cisd,25732438.0,2206.0,11665,28.440563,-99.749456
2865,clarendon isd,5452820.0,459.0,11880,34.93885317,-100.897579
2868,hedley isd,1884933.0,111.0,16981,34.871989,-100.65831
2869,ramirez csd,657706.0,27.0,24359,27.34563,-98.41142
2870,benavides isd,5238416.0,319.0,16421,27.594432,-98.424649
2872,san diego isd,16638956.0,1475.0,11281,27.75502075,-98.24496164
2875,freer isd,11914274.0,821.0,14512,27.87625,-98.61854
2878,cisco isd,9396579.0,864.0,10876,32.37678689,-98.99286892
2882,eastland isd,9970797.0,1132.0,8808,32.39939585,-98.82682628
2886,gorman isd,5066992.0,304.0,16668,32.209252,-98.672581
2889,ranger isd,4227624.0,363.0,11646,32.471337,-98.651542
2892,rising star isd,2062862.0,166.0,12427,32.10653227,-98.96437096
2894,compass academy charter school,7312768.0,1116.0,6553,31.86873094,-102.326365
2895,utpb stem academy,5017570.0,721.0,6959,31.88816914,-102.324113
2896,ector county isd,286299502.0,33159.0,8634,31.85049367,-102.3820738
2939,rocksprings isd,3704216.0,303.0,12225,30.01565164,-100.2055246
2940,nueces canyon cisd,3401570.0,279.0,12192,29.720259,-100.055092
2942,waxahachie faith family academy,5558641.0,2646.0,2101,32.43156844,-96.87603413
2945,avalon isd,4252188.0,362.0,11746,32.205602,-96.792428
2946,ennis isd,54139364.0,5818.0,9305,32.302668,-96.62921
2956,ferris isd,26515118.0,2706.0,9799,32.53181999,-96.65447315
2961,italy isd,7304888.0,602.0,12134,32.18050343,-96.87851009
2963,midlothian isd,77789247.0,9355.0,8315,32.49141991,-96.99396298
2974,milford isd,3063205.0,265.0,11559,32.120337,-96.950185
2975,palmer isd,12212214.0,1225.0,9969,32.42857624,-96.67921481
2978,red oak isd,57924677.0,5880.0,9851,32.508839,-96.800625
2986,waxahachie isd,89925592.0,8915.0,10087,32.414394,-96.839527
2998,maypearl isd,10445822.0,1184.0,8822,32.314048,-97.018559
3004,el paso academy,2990456.0,363.0,8238,31.75147329,-106.3269448
3006,harmony science acad (el paso),35737619.0,3565.0,10025,31.69461991,-106.295105
3010,la fe preparatory school,2463339.0,235.0,10482,31.75369097,-106.4820123
3011,vista del futuro charter school,3451345.0,366.0,9430,31.786132,-106.184719
3012,el paso leadership academy,2181510.0,207.0,10539,31.77028432,-106.4692078
3013,clint isd,115843391.0,11346.0,10210,31.56647201,-106.2150381
3028,el paso isd,576622485.0,57178.0,10085,31.91054358,-106.4180378
3131,fabens isd,25175935.0,2235.0,11264,31.502376,-106.147823
3136,san elizario isd,42105333.0,3663.0,11495,31.5661513,-106.2448072
3143,ysleta isd,429590765.0,41036.0,10469,31.74724593,-106.3460196
3206,anthony isd,10611723.0,841.0,12618,31.992654,-106.598659
3211,canutillo isd,67730310.0,6223.0,10884,31.89647,-106.586299
3222,tornillo isd,12843365.0,1021.0,12579,31.460947,-106.090391
3227,socorro isd,436272467.0,46618.0,9358,31.65794813,-106.2936401
3277,premier high schools,41405424.0,5509.0,7516,32.0842165,-98.34172099
3305,erath excels academy inc,1152696.0,122.0,9448,32.193316,-98.252817
3307,three way isd,1775302.0,162.0,10959,32.155833,-98.026678
3308,dublin isd,13323971.0,1206.0,11048,32.086701,-98.321201
3311,stephenville isd,33336917.0,3682.0,9054,32.21699284,-98.23888149
3317,bluff dale isd,2209073.0,237.0,9321,32.35052818,-98.02569715
3318,huckabay isd,2271110.0,236.0,9623,32.343603,-98.3019
3320,lingleville isd,3068332.0,279.0,10998,32.238314,-98.377249
3321,morgan mill isd,1305275.0,123.0,10612,32.34844838,-98.05537804
3322,chilton isd,5515796.0,528.0,10447,31.285657,-97.063599
3324,marlin isd,14123984.0,880.0,16050,31.30954576,-96.87741873
3327,westphalia isd,1632708.0,155.0,10534,31.120705,-97.116288
3328,rosebud-lott isd,7630878.0,679.0,11238,31.139247,-97.006575
3335,bonham isd,21326330.0,1882.0,11332,33.59021323,-96.19061632
3340,dodd city isd,3480578.0,383.0,9088,33.57798904,-96.07517689
3341,ector isd,3076050.0,260.0,11831,33.57411352,-96.27296535
3343,honey grove isd,6406032.0,645.0,9932,33.589321,-95.901891
3346,leonard isd,9380357.0,878.0,10684,33.390119,-96.242232
3350,savoy isd,3519764.0,322.0,10931,33.59890017,-96.36414536
3352,trenton isd,6104852.0,600.0,10175,33.426741,-96.341216
3355,sam rayburn isd,5243723.0,541.0,9693,33.76763571,-96.1045002
3357,flatonia isd,6640354.0,600.0,11067,29.68379091,-97.11441439
3360,la grange isd,19589310.0,1907.0,10272,29.90139429,-96.86317856
3364,schulenburg isd,8923251.0,726.0,12291,29.68451074,-96.89958605
3366,fayetteville isd,2688526.0,251.0,10711,29.90535437,-96.68253488
3367,round top-carmine isd,2981095.0,267.0,11165,30.14310809,-96.68090407
3369,roby cisd,3640382.0,296.0,12299,32.743808,-100.378949
3371,rotan isd,3585976.0,255.0,14063,32.85338763,-100.4649668
3374,floydada isd,11502509.0,738.0,15586,33.97805192,-101.3461127
3379,lockney isd,5738540.0,450.0,12752,34.121255,-101.446178
3383,crowell isd,3184021.0,209.0,15235,33.990431,-99.721067
3384,lamar cisd,322990265.0,33347.0,9686,29.56109865,-95.78138431
3424,needville isd,31609930.0,3257.0,9705,29.36931,-95.798748
3429,fort bend isd,723846276.0,75797.0,9550,29.61897404,-95.58261535
3505,stafford msd,35276844.0,3586.0,9837,29.60205846,-95.54051425
3512,mount vernon isd,15611470.0,1620.0,9637,33.18864301,-95.22315828
3516,fairfield isd,19764086.0,1813.0,10901,31.71846314,-96.13996168
3521,teague isd,12588881.0,1166.0,10797,31.631086,-96.269627
3527,wortham isd,4635312.0,495.0,9364,31.78936406,-96.46483013
3531,dew isd,2099561.0,155.0,13546,31.595411,-96.143751
3533,dilley isd,12569963.0,991.0,12684,28.67468519,-99.17197052
3536,pearsall isd,23169021.0,2129.0,10883,28.90342259,-99.09156408
3541,seagraves isd,8061964.0,571.0,14119,32.949677,-102.573275
3542,loop isd,2642176.0,137.0,19286,32.90683456,-102.4164918
3543,seminole isd,37298249.0,2954.0,12626,32.7207984,-102.6679812
3549,odyssey academy inc,11580157.0,1197.0,9674,29.27560052,-94.82981209
3550,ambassadors preparatory academy,2836396.0,309.0,9179,29.27539245,-94.81668484
3551,dickinson isd,113316416.0,11129.0,10182,29.47548174,-95.03118613
3566,galveston isd,80707657.0,7015.0,11505,29.28833232,-94.81072051
3583,high island isd,2474004.0,142.0,17423,29.563099,-94.390435
3586,texas city isd,98780587.0,8537.0,11571,29.3929004,-94.9196463
3597,hitchcock isd,22229038.0,1745.0,12739,29.34786112,-95.03246649
3603,santa fe isd,47034089.0,4585.0,10258,29.393358,-95.127808
3609,clear creek isd,377919183.0,42042.0,8989,29.52272124,-95.07640137
3656,friendswood isd,55226734.0,6052.0,9125,29.51360762,-95.20928765
3663,post isd,10484467.0,844.0,12422,33.18476599,-101.3809259
3667,southland isd,1904767.0,123.0,15486,33.360835,-101.553186
3668,doss consolidated csd,598855.0,20.0,29943,30.444456,-99.129484
3669,fredericksburg isd,31347638.0,3111.0,10076,30.259667,-98.881487
3675,harper isd,6658998.0,577.0,11541,30.301955,-99.234483
3678,glasscock county isd,7054177.0,304.0,23205,31.86659,-101.483722
3680,goliad isd,14586794.0,1320.0,11051,28.676328,-97.394582
3684,gonzales isd,27104491.0,2859.0,9480,29.52266959,-97.44294038
3691,nixon-smiley cisd,13861927.0,1072.0,12931,29.27655,-97.763684
3697,waelder isd,3840475.0,317.0,12115,29.685535,-96.90467
3698,lefors isd,2072300.0,162.0,12792,35.43925814,-100.8080372
3699,mclean isd,2614760.0,236.0,11079,35.23566123,-100.5976129
3700,pampa isd,30698803.0,3536.0,8682,35.54980271,-100.964232
3707,grandview-hopkins isd,949086.0,50.0,18982,35.3106756,-101.0091129
3708,bells isd,8551075.0,890.0,9608,33.63338,-96.405191
3711,collinsville isd,5629598.0,526.0,10703,33.55834249,-96.90379742
3714,denison isd,48485973.0,4721.0,10270,33.79549452,-96.55593019
3723,howe isd,11283262.0,1265.0,8920,33.529116,-96.608975
3728,sherman isd,73601967.0,7362.0,9998,33.64169512,-96.58145206
3742,tioga isd,6155622.0,675.0,9119,33.471134,-96.914099
3743,van alstyne isd,14737343.0,1703.0,8654,33.439394,-96.585925
3746,whitesboro isd,14989022.0,1615.0,9281,33.661623,-96.922562
3751,whitewright isd,8608341.0,861.0,9998,33.50399435,-96.3957209
3754,pottsboro isd,12947431.0,1421.0,9111,33.764277,-96.651965
3758,s and s cisd,9718833.0,927.0,10484,33.678453,-96.850146
3761,gunter isd,16794294.0,965.0,17403,33.457004,-96.738838
3765,tom bean isd,6199563.0,662.0,9365,33.528767,-96.498355
3768,east texas charter schools,1470273.0,142.0,10354,32.52040471,-94.70515643
3770,gladewater isd,17368970.0,1798.0,9660,32.54814009,-94.96361329
3776,kilgore isd,35593139.0,4078.0,8728,32.39241813,-94.87286297
3782,longview isd,85701608.0,8609.0,9955,32.54455,-94.742704
3796,pine tree isd,43108975.0,4486.0,9610,32.51428685,-94.78256618
3804,sabine isd,13685529.0,1485.0,9216,32.447388,-94.950852
3808,spring hill isd,17118674.0,2010.0,8517,32.56250747,-94.796043
3814,white oak isd,13500205.0,1488.0,9073,32.53015402,-94.85836913
3818,anderson-shiro cisd,8512158.0,879.0,9684,30.488113,-95.993287
3820,iola isd,4762619.0,526.0,9054,30.76831167,-96.07357726
3822,navasota isd,30187813.0,3039.0,9933,30.400545,-96.068347
3828,richards isd,1985600.0,179.0,11093,30.539001,-95.842375
3830,seguin isd,69039723.0,7343.0,9402,29.57570278,-97.94811749
3845,schertz-cibolo-u city isd,131788947.0,15768.0,8358,29.56102252,-98.26747891
3862,navarro isd,17844730.0,1940.0,9198,29.53199669,-97.9582155
3866,marion isd,14337286.0,1477.0,9707,29.56823062,-98.14087558
3870,abernathy isd,8907047.0,778.0,11449,33.830314,-101.843706
3874,cotton center isd,2029677.0,125.0,16237,33.985884,-101.991319
3875,hale center isd,7047873.0,647.0,10893,34.069856,-101.85008
3879,petersburg isd,3628123.0,293.0,12383,33.87142955,-101.6027657
3882,plainview isd,51215442.0,5351.0,9571,34.19703271,-101.7247342
3893,memphis isd,6347754.0,488.0,13008,34.735291,-100.548023
3897,turkey-quitaque isd,2317920.0,220.0,10536,34.392608,-100.897384
3898,hamilton isd,9001279.0,828.0,10871,31.69985112,-98.1268129
3901,hico isd,6560995.0,603.0,10881,31.986993,-98.033946
3903,gruver isd,5670622.0,458.0,12381,36.261502,-101.400367
3906,pringle-morse cisd,2003293.0,121.0,16556,36.058897,-101.478027
3907,spearman isd,9806278.0,863.0,11363,36.18531,-101.187946
3910,chillicothe isd,2774181.0,200.0,13871,34.256426,-99.516035
3912,quanah isd,7751067.0,500.0,15502,34.29448023,-99.74500355
3915,kountze isd,11304571.0,1132.0,9986,30.375706,-94.334133
3920,silsbee isd,29245324.0,2963.0,9870,30.34488,-94.153779
3926,hardin-jefferson isd,20656170.0,2330.0,8865,30.104645,-94.403118
3931,lumberton isd,31563121.0,4027.0,7838,30.25564044,-94.2166616
3937,west hardin county cisd,5935748.0,558.0,10638,30.24997094,-94.61254327
3940,ser-ninos charter school,10667063.0,1129.0,9448,29.71657906,-95.47871664
3943,aristoi classical academy,6809947.0,911.0,7475,29.78811294,-95.82098075
3945,george i sanchez charter,10989486.0,972.0,11306,29.71521178,-95.31164961
3949,excel academy,7628086.0,444.0,17180,29.76113829,-95.35903555
3954,the varnett public school,17827357.0,1721.0,10359,29.65627193,-95.4666208
3957,alief montessori community school,2115707.0,305.0,6937,29.71195463,-95.5912897
3959,houston heights high school,2384597.0,192.0,12420,29.79167288,-95.40730625
3960,houston gateway academy inc,17044746.0,2409.0,7075,29.71645472,-95.28852118
3964,calvin nelms charter schools,2660389.0,322.0,8262,29.82845591,-95.73411721
3968,southwest school,20361788.0,1992.0,10222,29.72335751,-95.49769166
3974,two dimensions preparatory academy,4687089.0,503.0,9318,29.96220572,-95.48016414
3977,comquest academy,912379.0,62.0,14716,30.10024481,-95.61289923
3978,yes prep public schools inc,125351136.0,11405.0,10991,29.6397964,-95.20618839
3989,harmony science academy,34677838.0,3306.0,10489,29.675821,-95.478871
3996,accelerated intermediate academy,2113999.0,248.0,8524,29.63661944,-95.4847851
4000,promise community school,12408144.0,1957.0,6340,29.75146199,-95.32885932
4005,meyerpark elementary,2462453.0,278.0,8858,29.63864,-95.484536
4006,draw academy,6523200.0,649.0,10051,29.72435816,-95.50690819
4009,harmony school of excellence,46851998.0,5026.0,9322,29.87936172,-95.54072591
4015,step charter school,5785081.0,505.0,11456,29.657098,-95.57067
4017,the rhodes school,13474666.0,1236.0,10902,29.84158059,-95.2024642
4020,the lawson academy,2589489.0,226.0,11458,29.71753555,-95.36791248
4021,the pro-vision academy,5229796.0,478.0,10941,29.65456119,-95.36000043
4023,beta academy,5438018.0,655.0,8302,29.62834691,-95.24398867
4028,aldine isd,651441687.0,66763.0,9758,29.916843,-95.407792
4110,alief isd,506485469.0,45423.0,11150,29.70983799,-95.59637038
4156,channelview isd,93102905.0,9583.0,9715,29.79557212,-95.12155352
4170,crosby isd,53959261.0,6308.0,8554,29.89958886,-95.0691674
4181,cypress-fairbanks isd,1037110353.0,116245.0,8922,29.940805,-95.653679
4267,deer park isd,130112885.0,12812.0,10156,29.68906747,-95.13213394
4282,galena park isd,241491800.0,22264.0,10847,29.73832805,-95.23647038
4306,goose creek cisd,247682648.0,23765.0,10422,29.72948775,-94.98565341
4335,houston isd,1960721265.0,209040.0,9380,29.73163839,-95.33200614
4622,humble isd,404471963.0,43441.0,9311,29.98306265,-95.24418308
4673,katy isd,765759346.0,79710.0,9607,29.784101,-95.831619
4740,klein isd,492862588.0,53252.0,9255,30.01780053,-95.52276066
4790,la porte isd,78655414.0,7361.0,10685,29.65179864,-95.02061253
4804,pasadena isd,578020275.0,53157.0,10874,29.70806822,-95.2110919
4875,spring isd,355495139.0,35348.0,10057,30.053011,-95.429551
4915,spring branch isd,348305416.0,34632.0,10057,29.78275814,-95.52134579
4965,tomball isd,139456960.0,16920.0,8242,30.10834471,-95.62907923
4985,sheldon isd,93532806.0,9389.0,9962,29.848228,-95.207605
4998,huffman isd,35457428.0,3529.0,10047,30.04183,-95.059663
5006,karnack isd,1947694.0,126.0,15458,32.642977,-94.159389
5007,marshall isd,49489978.0,5329.0,9287,32.530512,-94.353772
5018,waskom isd,10133576.0,903.0,11222,32.475495,-94.072199
5022,hallsville isd,72871038.0,9475.0,7691,32.516728,-94.591452
5030,harleton isd,7640236.0,716.0,10671,32.677876,-94.575287
5033,elysian fields isd,9036244.0,915.0,9876,32.37945,-94.14465
5037,hartley isd,2756395.0,223.0,12361,35.880135,-102.400939
5038,haskell cisd,8254162.0,566.0,14583,33.163385,-99.735874
5041,rule isd,1964917.0,122.0,16106,33.177322,-99.733309
5042,paint creek isd,1900893.0,118.0,16109,33.06396,-99.673855
5043,katherine anne porter school,1909104.0,167.0,11432,30.00301034,-98.10690671
5044,texas preparatory school,2707443.0,228.0,11875,29.89637292,-97.91653314
5046,ki charter academy,3444353.0,176.0,19570,29.89949723,-97.92848056
5047,san marcos cisd,87861771.0,8086.0,10866,29.82316,-97.949692
5058,dripping springs isd,61888542.0,6844.0,9043,30.19430455,-98.10147788
5065,wimberley isd,23043470.0,2490.0,9254,30.00447392,-98.11539028
5069,hays cisd,164514086.0,19859.0,8284,30.032189,-97.88978
5093,canadian isd,11088822.0,906.0,12239,35.91665254,-100.3778236
5097,athens isd,28368459.0,2999.0,9459,32.20287924,-95.84622967
5102,brownsboro isd,25301282.0,2727.0,9278,32.300474,-95.622732
5108,cross roads isd,6890481.0,558.0,12349,32.051407,-95.967315
5111,eustace isd,15594469.0,1565.0,9965,32.30932722,-96.00214837
5115,malakoff isd,15848995.0,1386.0,11435,32.175912,-96.03436
5121,trinidad isd,2211936.0,181.0,12221,32.136419,-96.092403
5122,murchison isd,1684400.0,180.0,9358,32.280475,-95.749596
5123,lapoynor isd,4268971.0,470.0,9083,32.097541,-95.639608
5128,idea public schools,448257469.0,42748.0,10486,26.16541887,-98.06440136
5164,vanguard academy,40910714.0,4180.0,9787,26.18939091,-98.17003821
5167,excellence in leadership academy,2714728.0,242.0,11218,26.203276,-98.338833
5168,donna isd,159806795.0,14439.0,11068,26.171953,-98.036683
5192,edcouch-elsa isd,59722365.0,4930.0,12114,26.298749,-97.979199
5202,edinburg cisd,357536600.0,34066.0,10495,26.263362,-98.141023
5247,hidalgo isd,37714855.0,3250.0,11605,26.09823027,-98.25002012
5255,mcallen isd,236707717.0,22802.0,10381,26.22707878,-98.23756657
5289,mercedes isd,62134550.0,5268.0,11795,26.14011684,-97.90887779
5301,mission cisd,167041681.0,15577.0,10724,26.22616687,-98.34317062
5325,pharr-san juan-alamo isd,378835209.0,32677.0,11593,26.17803622,-98.16748438
5374,progreso isd,21424131.0,1753.0,12221,26.0996596,-97.95057775
5380,sharyland isd,99952588.0,10258.0,9744,26.21089112,-98.28377159
5394,la joya isd,331232225.0,27998.0,11831,26.253394,-98.472715
5432,weslaco isd,180567125.0,17253.0,10466,26.16986966,-98.00031061
5455,la villa isd,8503751.0,555.0,15322,26.295252,-97.931959
5459,monte alto isd,13287573.0,944.0,14076,26.37393,-97.978232
5476,abbott isd,2917253.0,277.0,10532,31.883161,-97.076671
5478,bynum isd,2242632.0,205.0,10940,31.967723,-97.000776
5480,covington isd,6389840.0,293.0,21808,32.182487,-97.25724
5481,hillsboro isd,21014306.0,2002.0,10497,31.99279118,-97.12966221
5494,itasca isd,7718494.0,691.0,11170,32.16285917,-97.14436089
5498,malone isd,1933493.0,178.0,10862,32.00868633,-97.13575008
5500,mount calm isd,2219617.0,197.0,11267,31.76209444,-96.87974449
5503,whitney isd,15064705.0,1490.0,10111,31.967327,-97.324557
5509,aquilla isd,3621066.0,335.0,10809,31.854268,-97.218576
5511,blum isd,3971653.0,362.0,10971,32.13961007,-97.39554496
5515,penelope isd,2767195.0,201.0,13767,31.861544,-96.930652
5517,anton isd,2575951.0,197.0,13076,33.815368,-102.163386
5520,levelland isd,30531695.0,2904.0,10514,33.58350578,-102.343126
5527,ropes isd,4852596.0,479.0,10131,33.41286,-102.152961
5528,smyer isd,4690280.0,436.0,10758,33.58992,-102.164747
5530,sundown isd,9471906.0,590.0,16054,33.45825137,-102.4868676
5534,whitharral isd,2004216.0,175.0,11453,33.738156,-102.326597
5536,granbury isd,66336004.0,7308.0,9077,32.438412,-97.81041888
5547,lipan isd,4172745.0,435.0,9593,32.51963484,-98.046579
5549,tolar isd,6951367.0,796.0,8733,32.382186,-97.93214
5552,sulphur springs isd,42636050.0,4392.0,9708,33.138216,-95.619459
5560,cumby isd,4640615.0,386.0,12022,33.1338188,-95.84409426
5562,north hopkins isd,5426520.0,512.0,10599,33.270825,-95.61895
5564,miller grove isd,3310033.0,334.0,9910,33.021657,-95.801745
5565,como-pickton cisd,7941683.0,739.0,10747,33.035597,-95.429651
5566,saltillo isd,3805661.0,239.0,15923,33.18509,-95.328799
5567,sulphur bluff isd,2729152.0,241.0,11324,33.331026,-95.393569
5568,crockett isd,15835353.0,1345.0,11773,31.302838,-95.471772
5574,grapeland isd,5305436.0,572.0,9275,31.49314777,-95.48357266
5577,lovelady isd,5831977.0,534.0,10921,31.134779,-95.44761
5579,latexo isd,4788645.0,445.0,10761,31.394738,-95.47263
5581,kennard isd,3494800.0,256.0,13652,31.360435,-95.180296
5583,big spring isd,37451454.0,4021.0,9314,32.24622385,-101.4652645
5592,coahoma isd,12085129.0,1106.0,10927,32.28991481,-101.3022897
5595,forsan isd,8239362.0,771.0,10687,32.111914,-101.368758
5597,ft hancock isd,6199540.0,396.0,15655,31.28951,-105.849104
5600,sierra blanca isd,2067942.0,113.0,18300,31.175687,-105.340328
5601,dell city isd,2270132.0,72.0,31530,31.942895,-105.200962
5602,caddo mills isd,16714787.0,1840.0,9084,33.0794033,-96.2288645
5606,celeste isd,5676820.0,507.0,11197,33.292818,-96.201349
5609,commerce isd,17191611.0,1516.0,11340,33.241756,-95.924948
5614,greenville isd,53165891.0,5481.0,9700,33.14150889,-96.12100648
5627,lone oak isd,11393631.0,1005.0,11337,32.988569,-95.934343
5630,quinlan isd,26371434.0,2694.0,9789,32.892239,-96.13541
5634,wolfe city isd,7420124.0,683.0,10864,33.357198,-96.079673
5637,campbell isd,3274781.0,301.0,10880,33.14816639,-95.95181446
5639,bland isd,7242923.0,721.0,10046,33.209088,-96.295301
5642,boles isd,6834156.0,547.0,12494,32.947391,-96.101596
5645,borger isd,25034683.0,2690.0,9307,35.66588057,-101.3948612
5651,sanford-fritch isd,7919548.0,730.0,10849,35.645443,-101.580325
5654,plemons-stinnett-phillips cisd,8870825.0,708.0,12529,35.827087,-101.449114
5657,spring creek isd,1361287.0,92.0,14797,35.668967,-101.29917
5658,irion county isd,4848684.0,263.0,18436,31.26045,-100.823208
5660,bryson isd,3077666.0,252.0,12213,33.16621492,-98.38228763
5661,jacksboro isd,11920963.0,1053.0,11321,33.230408,-98.170431
5664,perrin-whitt cisd,3707062.0,334.0,11099,32.984231,-98.049266
5666,edna isd,16071030.0,1559.0,10309,28.96331,-96.651266
5670,ganado isd,8744544.0,772.0,11327,29.04155688,-96.51005773
5673,industrial isd,12601448.0,1160.0,10863,28.819568,-96.617321
5677,brookeland isd,5029339.0,394.0,12765,31.149999,-93.993444
5679,buna isd,15435292.0,1483.0,10408,30.431121,-93.958571
5683,jasper isd,24865319.0,2442.0,10182,30.90035764,-94.00999472
5687,kirbyville cisd,13760562.0,1507.0,9131,30.650017,-93.894559
5690,evadale isd,5476405.0,445.0,12307,30.346991,-94.079715
5694,ft davis isd,3024084.0,228.0,13264,30.587612,-103.898661
5695,valentine isd,1412398.0,38.0,37168,30.589392,-104.492452
5697,ehrhart school,3717447.0,430.0,8645,30.07266788,-94.12409511
5698,bob hope school,14572141.0,1451.0,10043,29.9153287,-93.93155323
5699,nederland isd,50422721.0,5183.0,9728,29.98166032,-94.01010598
5708,port arthur isd,99424045.0,8132.0,12226,29.926854,-93.948953
5726,port neches-groves isd,49218233.0,5133.0,9589,29.98780441,-93.95421814
5738,beaumont isd,174741669.0,18433.0,9480,30.07990649,-94.12650615
5767,sabine pass isd,6690070.0,371.0,18033,29.729576,-93.897628
5769,hamshire-fannett isd,16955016.0,1931.0,8780,29.863228,-94.313852
5774,jim hogg county isd,16168843.0,1154.0,14011,27.31770196,-98.67892001
5777,alice isd,48610419.0,4918.0,9884,27.755064,-98.050899
5787,ben bolt-palito blanco isd,5869620.0,511.0,11487,27.646574,-98.088257
5790,orange grove isd,18464004.0,1817.0,10162,27.954013,-97.942582
5795,premont isd,8618371.0,616.0,13991,27.355827,-98.132736
5797,la gloria isd,1351854.0,123.0,10991,27.29009655,-98.13915528
5799,alvarado isd,35168862.0,3625.0,9702,32.391035,-97.20701
5806,burleson isd,107881420.0,12387.0,8709,32.53062448,-97.35079961
5823,cleburne isd,66074325.0,6650.0,9936,32.34871458,-97.42436696
5835,grandview isd,11574248.0,1273.0,9092,32.260579,-97.175542
5839,joshua isd,54999799.0,5561.0,9890,32.450596,-97.383283
5849,keene isd,10689909.0,1070.0,9991,32.391635,-97.318214
5854,rio vista isd,8480205.0,754.0,11247,32.18046,-97.476213
5858,venus isd,21826390.0,2200.0,9921,32.425504,-97.102863
5863,godley isd,26172780.0,2156.0,12140,32.46088822,-97.55091462
5870,anson isd,8569622.0,749.0,11441,32.75157683,-99.89670594
5873,hamlin isd,4393285.0,394.0,11150,32.87934,-100.133464
5875,hawley isd,8010513.0,784.0,10217,32.613451,-99.819414
5878,lueders-avoca isd,1951649.0,107.0,18240,32.865612,-99.712691
5880,stamford isd,9821131.0,647.0,15179,32.94055599,-99.79283507
5883,karnes city isd,16299293.0,1121.0,14540,28.88763645,-97.89293446
5889,kenedy isd,9584805.0,730.0,13130,28.82836906,-97.85469135
5895,runge isd,4044350.0,254.0,15923,28.88820054,-97.711762
5899,falls city isd,4426275.0,360.0,12295,28.98050865,-98.02311055
5904,crandall isd,40537140.0,4403.0,9207,32.616675,-96.461555
5910,forney isd,85457149.0,11112.0,7691,32.65825424,-96.46017915
5924,kaufman isd,38245181.0,4037.0,9474,32.565538,-96.315492
5931,kemp isd,16662434.0,1652.0,10086,32.427176,-96.228767
5936,mabank isd,35612109.0,3563.0,9995,32.3752363,-96.11645731
5942,terrell isd,46224129.0,4684.0,9869,32.76159761,-96.28242388
5950,scurry-rosser isd,11155545.0,1052.0,10604,32.512437,-96.382402
5955,boerne isd,76916142.0,9133.0,8422,29.79769072,-98.71484665
5967,comfort isd,11693513.0,1100.0,10630,29.99696938,-98.90393553
5970,kenedy county wide csd,2115983.0,64.0,33062,27.222528,-97.7899
5971,jayton-girard isd,3491175.0,151.0,23120,33.253605,-100.582307
5972,center point isd,6490708.0,569.0,11407,29.94199405,-99.03035331
5976,hunt isd,2230904.0,204.0,10936,30.069532,-99.338748
5977,kerrville isd,43883308.0,4954.0,8858,30.037311,-99.109153
5988,ingram isd,11707162.0,1168.0,10023,30.073511,-99.252613
5991,divide isd,366835.0,21.0,17468,30.066902,-99.727366
5992,junction isd,6675167.0,605.0,11033,30.48840225,-99.77806251
5995,guthrie csd,3134762.0,101.0,31037,33.623464,-100.32429
5996,brackett isd,7659561.0,558.0,13727,29.31821211,-100.4121336
5999,kingsville isd,35387883.0,3313.0,10682,27.49491474,-97.85577918
6008,ricardo isd,6856176.0,689.0,9951,27.42158892,-97.85220515
6010,riviera isd,6065160.0,438.0,13847,27.299578,-97.810197
6012,santa gertrudis isd,8296097.0,804.0,10319,27.52237938,-97.88162282
6014,knox city-o'brien cisd,3891702.0,269.0,14467,33.420922,-99.814886
6017,munday cisd,4936357.0,362.0,13636,33.451098,-99.62728
6019,benjamin isd,2113840.0,118.0,17914,33.584083,-99.797683
6020,chisum isd,11329223.0,942.0,12027,33.63021218,-95.56030618
6023,roxton isd,1647014.0,136.0,12110,33.551151,-95.727939
6024,paris isd,39272705.0,3810.0,10308,33.632895,-95.518669
6034,north lamar isd,25765355.0,2456.0,10491,33.69084488,-95.55086701
6041,prairiland isd,9584947.0,1146.0,8364,33.571865,-95.391785
6045,amherst isd,1991237.0,142.0,14023,34.01581473,-102.4104841
6047,littlefield isd,13736457.0,1350.0,10175,33.917014,-102.34199
6051,olton isd,7502947.0,586.0,12804,34.181962,-102.136507
6054,springlake-earth isd,4786727.0,351.0,13637,34.25999,-102.358635
6057,sudan isd,5841337.0,475.0,12298,34.06873158,-102.5238625
6060,lampasas isd,32378431.0,3337.0,9703,31.03955,-98.186254
6065,lometa isd,3677198.0,289.0,12724,31.21806651,-98.38779073
6066,cotulla isd,18269731.0,1342.0,13614,28.43702517,-99.23512078
6070,hallettsville isd,11189992.0,1126.0,9938,29.44658341,-96.93549978
6075,moulton isd,3570007.0,278.0,12842,29.578444,-97.148426
6078,shiner isd,6115649.0,662.0,9238,29.44512799,-97.18755112
6082,vysehrad isd,1174171.0,126.0,9319,29.43520169,-97.01810338
6084,sweet home isd,1383939.0,143.0,9678,29.340721,-97.068255
6086,ezzell isd,934219.0,92.0,10155,29.278964,-96.91429
6087,giddings isd,18033029.0,1854.0,9727,30.201864,-96.931839
6091,lexington isd,10433949.0,1023.0,10199,30.413305,-97.003825
6094,dime box isd,2336821.0,153.0,15273,30.357051,-96.826939
6095,buffalo isd,9418389.0,944.0,9977,31.464574,-96.074576
6098,centerville isd,9282217.0,653.0,14215,31.26287106,-95.97902498
6102,normangee isd,5671349.0,605.0,9374,31.026155,-96.120732
6105,oakwood isd,2502569.0,199.0,12576,31.57996642,-95.84782639
6107,leon isd,8760380.0,746.0,11743,31.311595,-96.213632
6110,cleveland isd,59921793.0,6568.0,9123,30.34028619,-95.06926515
6117,dayton isd,49787946.0,5406.0,9210,30.07027621,-94.907396
6126,devers isd,2122638.0,176.0,12060,30.024191,-94.590313
6129,hardin isd,13475522.0,1427.0,9443,30.157011,-94.734283
6134,hull-daisetta isd,6915216.0,479.0,14437,30.11730125,-94.64542481
6138,liberty isd,25832495.0,2220.0,11636,30.07348842,-94.78838105
6143,tarkington isd,16728684.0,1805.0,9268,30.311144,-94.959803
6147,coolidge isd,3608862.0,308.0,11717,31.748168,-96.656611
6149,groesbeck isd,17542065.0,1682.0,10429,31.539188,-96.524593
6155,mexia isd,21013807.0,1889.0,11124,31.68735991,-96.47414815
6160,booker isd,4624232.0,395.0,11707,36.449245,-100.53881
6162,follett isd,2321158.0,133.0,17452,36.434053,-100.141057
6163,higgins isd,1845764.0,104.0,17748,36.12259727,-100.026592
6164,darrouzett isd,1908510.0,118.0,16174,36.447557,-100.326036
6165,george west isd,10937961.0,1073.0,10194,28.33009936,-98.12134944
6169,three rivers isd,8893841.0,628.0,14162,28.460769,-98.135804
6171,llano isd,20388652.0,1774.0,11493,30.733868,-98.682078
6175,rise academy,2438265.0,300.0,8128,33.5997733,-101.8185096
6177,lubbock isd,274155764.0,27588.0,9938,33.57287116,-101.8222117
6228,new deal isd,8366395.0,785.0,10658,33.733173,-101.840647
6233,slaton isd,16703242.0,1339.0,12474,33.43566042,-101.6577
6239,lubbock-cooper isd,57364131.0,6558.0,8747,33.44994729,-101.8512466
6247,frenship isd,86990588.0,9927.0,8763,33.51793829,-102.0124229
6260,roosevelt isd,11481348.0,1064.0,10791,33.5831067,-101.6721546
6264,shallowater isd,17633673.0,1694.0,10409,33.695245,-101.990038
6271,idalou isd,9693471.0,1013.0,9569,33.65946534,-101.6830025
6276,o'donnell isd,4736613.0,306.0,15479,32.967303,-101.829704
6278,tahoka isd,8254420.0,619.0,13335,33.168702,-101.806401
6281,new home isd,4362063.0,478.0,9126,33.328269,-101.911779
6282,wilson isd,2393070.0,103.0,23234,33.32004,-101.727672
6284,madisonville cisd,23627945.0,2397.0,9857,30.9573838,-95.91528791
6288,north zulch isd,4027803.0,338.0,11917,30.917487,-96.106663
6289,jefferson isd,13154831.0,1323.0,9943,32.776486,-94.361039
6293,stanton isd,12628771.0,1096.0,11523,32.129941,-101.803976
6296,grady isd,3865043.0,255.0,15157,32.307973,-101.930297
6297,mason isd,8611893.0,714.0,12061,30.745082,-99.240385
6300,bay city isd,39151907.0,3660.0,10697,29.01790292,-95.8944852
6305,tidehaven isd,10500616.0,977.0,10748,28.899692,-96.141799
6309,matagorda isd,1827767.0,133.0,13743,28.693411,-95.969635
6310,palacios isd,18432746.0,1428.0,12908,28.712458,-96.240345
6314,van vleck isd,15222680.0,1043.0,14595,29.01356893,-95.88440095
6318,eagle pass isd,149756798.0,14497.0,10330,28.71863156,-100.4859353
6342,brady isd,13793070.0,1146.0,12036,31.109003,-99.339219
6346,rochelle isd,2658393.0,179.0,14851,31.223628,-99.206825
6347,lohn isd,1786610.0,75.0,23821,31.32067764,-99.41037921
6348,waco charter school,2220403.0,212.0,10474,31.54431878,-97.15463486
6349,rapoport academy public school,8829702.0,819.0,10781,31.57153601,-97.1218336
6353,harmony science acad (waco),90736954.0,9763.0,9294,31.53170715,-97.20185885
6365,crawford isd,5812478.0,585.0,9936,31.53212224,-97.45037515
6381,la vega isd,35570559.0,3138.0,11335,31.60086522,-97.09735369
6387,lorena isd,16410244.0,1724.0,9519,31.389839,-97.222205
6392,mart isd,6174140.0,516.0,11965,31.54118413,-96.8294943
6397,mcgregor isd,15503456.0,1424.0,10887,31.426869,-97.404145
6402,moody isd,7785949.0,695.0,11203,31.352171,-97.367413
6407,riesel isd,5832066.0,681.0,8564,31.47525725,-96.93245864
6411,waco isd,165043195.0,14696.0,11230,31.54415071,-97.18495716
6436,west isd,12753708.0,1355.0,9412,31.808363,-97.089189
6441,axtell isd,10151086.0,823.0,12334,31.65954061,-96.97296583
6447,bruceville-eddy isd,7837103.0,641.0,12226,31.30652932,-97.24894063
6454,china spring isd,24157637.0,2806.0,8609,31.630547,-97.287608
6462,connally isd,24217342.0,2362.0,10253,31.64386272,-97.10234368
6467,robinson isd,22479778.0,2401.0,9363,31.46468261,-97.12234646
6473,bosqueville isd,7220045.0,699.0,10329,31.61780502,-97.19572927
6478,hallsburg isd,1717318.0,171.0,10043,31.53786183,-96.95679426
6480,gholson isd,2540290.0,250.0,10161,31.52820865,-97.09449904
6482,mcmullen county isd,5484379.0,289.0,18977,28.45743,-98.551851
6483,devine isd,19299190.0,1980.0,9747,29.14823068,-98.91755781
6489,d'hanis isd,4930001.0,368.0,13397,29.331511,-99.234269
6490,natalia isd,12146075.0,1079.0,11257,29.18806,-98.855263
6494,hondo isd,18461798.0,1924.0,9596,29.34052097,-99.13638141
6498,medina valley isd,49976164.0,5424.0,9214,29.314617,-98.815823
6504,menard isd,4314481.0,305.0,14146,30.91195359,-99.7813725
6507,midland academy charter school,3731971.0,423.0,8823,32.00225963,-102.0726771
6508,midland isd,213095390.0,26133.0,8154,32.01307525,-102.1293801
6546,greenwood isd,23156997.0,2830.0,8183,32.02050516,-101.8935504
6549,cameron isd,16733976.0,1779.0,9406,30.85789908,-96.97102583
6553,gause isd,1762767.0,166.0,10619,30.785571,-96.727155
6554,milano isd,5292862.0,464.0,11407,30.73578,-96.807
6557,rockdale isd,16911716.0,1501.0,11267,30.653142,-97.017563
6561,thorndale isd,6405916.0,554.0,11563,30.60964697,-97.20424443
6564,buckholts isd,1971795.0,131.0,15052,30.873443,-97.123714
6565,goldthwaite isd,8668973.0,556.0,15592,31.454879,-98.576613
6568,mullin isd,5312954.0,340.0,15626,31.555774,-98.668366
6575,priddy isd,1654661.0,101.0,16383,31.624956,-98.528064
6576,colorado isd,9814238.0,931.0,10542,32.40325535,-100.8470683
6581,loraine isd,2609689.0,158.0,16517,32.404096,-100.712102
6582,westbrook isd,4448646.0,272.0,16355,32.35939212,-101.015014
6584,bowie isd,15403394.0,1711.0,9003,33.548173,-97.849928
6588,nocona isd,9066743.0,774.0,11714,33.796963,-97.730838
6591,gold burg isd,1826357.0,138.0,13234,33.673783,-97.903336
6592,montague isd,1389074.0,166.0,8368,33.670372,-97.720323
6593,prairie valley isd,1823149.0,167.0,10917,33.811905,-97.727319
6595,forestburg isd,2368114.0,172.0,13768,33.493826,-97.461372
6596,saint jo isd,3333781.0,297.0,11225,33.69299049,-97.51984185
6598,texas serenity academy,6645367.0,408.0,16288,29.99301884,-95.47846171
6601,conroe isd,542198314.0,62577.0,8664,30.32375934,-95.4853413
6659,montgomery isd,80695293.0,8837.0,9132,30.3888122,-95.71887641
6668,willis isd,67808131.0,7469.0,9079,30.39107167,-95.49004372
6678,magnolia isd,121697797.0,13231.0,9198,30.22784739,-95.69127082
6695,splendora isd,40782519.0,4087.0,9979,30.25161256,-95.19725767
6701,new caney isd,164230049.0,15360.0,10692,30.132471,-95.222522
6721,dumas isd,40124431.0,4286.0,9362,35.863178,-101.978231
6730,sunray isd,6746957.0,556.0,12135,36.01215023,-101.8197868
6733,daingerfield-lone star isd,11195555.0,1032.0,10848,33.01540241,-94.71988449
6737,pewitt cisd,8805397.0,866.0,10168,33.185649,-94.710933
6740,motley county isd,2853856.0,162.0,17616,34.00571724,-100.8236521
6742,chireno isd,4303118.0,395.0,10894,31.495945,-94.349976
6745,cushing isd,5520767.0,557.0,9912,31.819431,-94.83671
6747,garrison isd,8457663.0,707.0,11963,31.82826004,-94.48888196
6751,nacogdoches isd,59590351.0,6220.0,9580,31.64247738,-94.6197807
6762,woden isd,7593161.0,763.0,9952,31.504322,-94.528825
6766,central heights isd,9058578.0,1180.0,7677,31.708427,-94.682323
6769,martinsville isd,4079602.0,408.0,9999,31.641914,-94.415445
6771,etoile isd,1781828.0,129.0,13813,31.386466,-94.436162
6773,douglass isd,4209649.0,465.0,9053,31.665472,-94.882458
6775,blooming grove isd,9424103.0,929.0,10144,32.08761,-96.713779
6779,corsicana isd,60533140.0,5996.0,10096,32.084306,-96.516497
6791,frost isd,4468934.0,429.0,10417,32.080077,-96.812591
6794,kerens isd,6129936.0,585.0,10479,32.122909,-96.226032
6795,mildred isd,6828978.0,732.0,9329,32.036047,-96.37743
6797,rice isd,9417422.0,910.0,10349,32.2555875,-96.50316037
6800,burkeville isd,4266107.0,275.0,15513,31.001642,-93.668491
6803,newton isd,12402070.0,1039.0,11937,30.824284,-93.742876
6806,deweyville isd,6010060.0,579.0,10380,30.268501,-93.78784
6808,roscoe collegiate isd,7084998.0,644.0,11002,32.43809,-100.542
6811,sweetwater isd,24222480.0,2158.0,11225,32.47941043,-100.4042281
6818,blackwell cisd,3702752.0,152.0,24360,32.091367,-100.324016
6820,highland isd,3504210.0,239.0,14662,32.33527112,-100.5078009
6823,corpus christi montessori school,1103534.0,135.0,8174,27.77507434,-97.39785135
6824,seashore charter schools,3833495.0,487.0,7872,27.597273,-97.222905
6826,agua dulce isd,4477722.0,346.0,12941,27.785527,-97.913379
6828,bishop cisd,16348766.0,1521.0,10749,27.580611,-97.790831
6834,calallen isd,42266576.0,4039.0,10465,27.85633396,-97.63452915
6841,corpus christi isd,357243586.0,37186.0,9607,27.71831708,-97.40077512
6902,driscoll isd,3969093.0,304.0,13056,27.671162,-97.754262
6903,london isd,9898462.0,1106.0,8950,27.689048,-97.480217
6905,port aransas isd,8396639.0,500.0,16793,27.83035011,-97.06104069
6909,robstown isd,33837714.0,2758.0,12269,27.79996058,-97.68018325
6918,tuloso-midway isd,40258023.0,3926.0,10254,27.82978568,-97.57262538
6924,banquete isd,11210038.0,875.0,12811,27.80826,-97.79101
6928,flour bluff isd,53659767.0,5674.0,9457,27.64303693,-97.29815075
6935,west oso isd,21920312.0,2087.0,10503,27.769551,-97.45972
6940,perryton isd,22351441.0,2233.0,10010,36.38723164,-100.8154203
6946,boys ranch isd,7083052.0,309.0,22922,35.5309597,-102.2517517
6950,vega isd,4855784.0,380.0,12778,35.250175,-102.418845
6952,adrian isd,2575436.0,117.0,22012,35.275449,-102.665107
6953,wildorado isd,1919036.0,176.0,10904,35.206956,-102.202646
6954,bridge city isd,25578744.0,3041.0,8411,30.04108924,-93.82508059
6958,orangefield isd,18026499.0,1836.0,9818,30.07889,-93.863917
6961,west orange-cove cisd,28583381.0,2457.0,11633,30.0771028,-93.76522679
6965,vidor isd,44759489.0,4545.0,9848,30.1236976,-94.00589157
6972,little cypress-mauriceville cisd,32228080.0,3166.0,10179,30.163097,-93.75732
6979,gordon isd,2086043.0,187.0,11155,32.551787,-98.371655
6980,graford isd,3910078.0,347.0,11268,32.939767,-98.2525
6982,mineral wells isd,32430785.0,3273.0,9909,32.81385017,-98.08285894
6988,santo isd,5338640.0,462.0,11555,32.605363,-98.210222
6990,strawn isd,2051489.0,167.0,12284,32.54729905,-98.49648747
6992,palo pinto isd,1391679.0,95.0,14649,32.766843,-98.303455
6993,panola charter school,1446709.0,143.0,10117,32.13798492,-94.3412964
6996,beckville isd,7463358.0,698.0,10692,32.246114,-94.458508
6998,carthage isd,25881524.0,2707.0,9561,32.161617,-94.365007
7003,gary isd,4771973.0,466.0,10240,32.028203,-94.366377
7004,crosstimbers academy,1232195.0,151.0,8160,32.69553708,-97.79865631
7005,poolville isd,6319252.0,541.0,11681,32.97486103,-97.87087469
7008,springtown isd,34944454.0,3466.0,10082,32.96621441,-97.69631605
7014,weatherford isd,76076840.0,8045.0,9456,32.72414564,-97.80891081
7024,millsap isd,10310741.0,1016.0,10148,32.7581,-98.005539
7027,aledo isd,54456659.0,6100.0,8927,32.71105595,-97.61604647
7035,peaster isd,15738668.0,1224.0,12858,32.86655407,-97.86491457
7038,brock isd,13447469.0,1510.0,8906,32.667052,-97.930866
7041,garner isd,2099773.0,201.0,10447,32.83231461,-97.98503178
7042,bovina isd,5365438.0,500.0,10731,34.51345366,-102.8883201
7045,farwell isd,6112980.0,552.0,11074,34.379961,-103.034367
7048,friona isd,13832356.0,1134.0,12198,34.637834,-102.730304
7052,lazbuddie isd,2249477.0,167.0,13470,34.393153,-102.611319
7053,buena vista isd,2753215.0,255.0,10797,31.275566,-102.694703
7054,fort stockton isd,27240600.0,2451.0,11114,30.9010042,-102.8910397
7059,iraan-sheffield isd,7070227.0,400.0,17676,30.908494,-101.899794
7063,big sandy isd,6022223.0,512.0,11762,30.627854,-94.633029
7067,goodrich isd,3052536.0,241.0,12666,30.606288,-94.945039
7070,corrigan-camden isd,11443577.0,822.0,13922,31.00246979,-94.82527848
7074,leggett isd,2012026.0,167.0,12048,30.816655,-94.868006
7076,livingston isd,39768589.0,3949.0,10071,30.719721,-94.969021
7082,onalaska isd,11991997.0,1119.0,10717,30.839144,-95.108719
7084,amarillo isd,307061703.0,32601.0,9419,35.1662231,-101.9044211
7140,river road isd,13735388.0,1337.0,10273,35.30889383,-101.8400998
7157,bushland isd,14231234.0,1417.0,10043,35.202402,-102.062282
7160,marfa isd,4354786.0,339.0,12846,30.30570336,-104.024116
7161,presidio isd,15719687.0,1188.0,13232,29.552077,-104.356118
7164,rains isd,16452641.0,1715.0,9593,32.890088,-95.789388
7168,canyon isd,80194952.0,10122.0,7923,34.9657941,-101.9159007
7184,reagan county isd,12757964.0,871.0,14647,31.203203,-101.452113
7187,big springs charter school,3749904.0,227.0,16519,29.850769,-99.672196
7189,leakey isd,3694089.0,289.0,12782,29.72348808,-99.76337486
7190,avery isd,4316302.0,339.0,12732,33.55166786,-94.78546111
7193,rivercrest isd,7279766.0,719.0,10125,33.411813,-95.162333
7196,clarksville isd,6727958.0,533.0,12623,33.609205,-95.056675
7199,detroit isd,7812245.0,542.0,14414,33.669693,-95.268355
7202,pecos-barstow-toyah isd,32991012.0,2797.0,11795,31.41363055,-103.5028786
7207,balmorhea isd,3173733.0,186.0,17063,30.983606,-103.746882
7208,austwell-tivoli isd,2264128.0,140.0,16172,28.456892,-96.891509
7210,woodsboro isd,6657069.0,441.0,15095,28.2375,-97.320138
7212,refugio isd,10393859.0,681.0,15263,28.31380612,-97.27336153
7215,miami isd,2900246.0,219.0,13243,35.6893,-100.638889
7216,bremond isd,5597779.0,487.0,11494,31.170547,-96.681815
7219,calvert isd,2347729.0,166.0,14143,30.986265,-96.667212
7220,franklin isd,15472269.0,1247.0,12408,31.022442,-96.501183
7223,hearne isd,11233185.0,819.0,13716,30.86981777,-96.60241199
7226,mumford isd,4532896.0,612.0,7407,30.733988,-96.562284
7228,rockwall isd,145047585.0,16490.0,8796,32.91541569,-96.44900477
7247,royse city isd,56460796.0,6158.0,9169,32.974666,-96.290951
7256,ballinger isd,10131192.0,905.0,11195,31.74973874,-99.96595534
7261,miles isd,4885780.0,435.0,11232,31.605276,-100.185534
7267,winters isd,7417727.0,557.0,13317,31.966394,-99.960084
7270,olfen isd,1712478.0,103.0,16626,31.61014389,-99.9610018
7274,henderson isd,30836854.0,3415.0,9030,32.170999,-94.821423
7279,laneville isd,2343554.0,164.0,14290,31.976401,-94.808295
7280,leveretts chapel isd,3095849.0,251.0,12334,32.309333,-94.922982
7284,mount enterprise isd,4310014.0,413.0,10436,31.9059583,-94.6813565
7286,overton isd,5946908.0,500.0,11894,32.27606905,-94.97685667
7288,tatum isd,16140883.0,1512.0,10675,32.321311,-94.517539
7292,carlisle isd,7061803.0,617.0,11445,32.133421,-94.945963
7294,west rusk county consolidated isd,11205608.0,1087.0,10309,32.240755,-94.939602
7299,hemphill isd,10720742.0,897.0,11952,31.34698,-93.846702
7302,west sabine isd,6516356.0,610.0,10683,31.251341,-93.982578
7304,san augustine isd,9554366.0,754.0,12672,31.536381,-94.099855
7306,broaddus isd,4612327.0,396.0,11647,31.500464,-94.133352
7308,coldspring-oakhurst cisd,17302100.0,1565.0,11056,30.577586,-95.137473
7312,shepherd isd,20863273.0,2026.0,10298,30.483694,-95.002407
7316,aransas pass isd,17387420.0,1552.0,11203,27.9127706,-97.16637971
7322,gregory-portland isd,48750110.0,4654.0,10475,27.903465,-97.323398
7329,ingleside isd,21753577.0,2155.0,10094,27.87818583,-97.21989229
7334,mathis isd,20055785.0,1624.0,12350,28.08550945,-97.8163582
7338,odem-edroy isd,10321262.0,901.0,11455,27.948805,-97.591468
7341,sinton isd,22081248.0,2132.0,10357,28.03985529,-97.49778472
7346,taft isd,14997132.0,1043.0,14379,27.986585,-97.388357
7349,san saba isd,7870250.0,760.0,10356,31.19581822,-98.72727383
7352,richland springs isd,2096428.0,123.0,17044,31.270138,-98.952249
7353,cherokee isd,2020238.0,114.0,17721,30.979449,-98.708094
7354,schleicher isd,6278165.0,515.0,12191,30.86009464,-100.5948171
7357,hermleigh isd,2862430.0,244.0,11731,32.628043,-100.753416
7359,snyder isd,27743748.0,2656.0,10446,32.7017014,-100.9284175
7364,ira isd,2796040.0,267.0,10472,32.58190867,-101.0042118
7366,albany isd,5688487.0,495.0,11492,32.72724996,-99.29763119
7368,moran isd,1802877.0,110.0,16390,32.54544723,-99.17168749
7369,center isd,26910717.0,2622.0,10263,31.801994,-94.199203
7374,joaquin isd,7808639.0,668.0,11690,31.965598,-94.050163
7377,shelbyville isd,8479951.0,782.0,10844,31.76232,-94.075687
7378,tenaha isd,6643804.0,542.0,12258,31.9447748,-94.24801463
7379,timpson isd,8182651.0,678.0,12069,31.90643281,-94.39149912
7382,excelsior isd,1164740.0,89.0,13087,31.688682,-94.337414
7383,texhoma isd,1557193.0,170.0,9160,36.494449,-101.786791
7384,stratford isd,6842762.0,577.0,11859,36.34116,-102.076583
7387,cumberland academy,14498681.0,1945.0,7454,32.295409,-95.27942
7390,arp isd,9702458.0,866.0,11204,32.229863,-95.056396
7393,bullard isd,25055274.0,2580.0,9711,32.132717,-95.316058
7398,lindale isd,36492613.0,4111.0,8877,32.514371,-95.396739
7404,troup isd,10867388.0,1101.0,9870,32.15087942,-95.11429208
7407,tyler isd,171772560.0,18099.0,9491,32.302881,-95.297106
7435,whitehouse isd,41623988.0,4827.0,8623,32.22676662,-95.2131197
7444,chapel hill isd,35881265.0,3533.0,10156,32.30973815,-95.18897317
7452,winona isd,12019765.0,1098.0,10947,32.49731016,-95.18081918
7456,brazos river charter school,2314298.0,238.0,9724,32.259551,-97.647713
7457,glen rose isd,21540418.0,1851.0,11637,32.23001406,-97.76419893
7461,rio grande city cisd,123844753.0,10133.0,12222,26.390928,-98.851077
7476,san isidro isd,3539222.0,223.0,15871,26.71769352,-98.45745553
7478,roma isd,73381580.0,6214.0,11809,26.436166,-99.027182
7488,breckenridge isd,13700023.0,1478.0,9269,32.75795915,-98.90798143
7493,sterling city isd,4810085.0,322.0,14938,31.840146,-100.988941
7501,aspermont isd,2773782.0,224.0,12383,33.137843,-100.22183
7503,sonora isd,10124739.0,802.0,12624,30.55730384,-100.6384542
7507,happy isd,3244540.0,258.0,12576,34.745985,-101.862489
7509,tulia isd,13119947.0,1090.0,12037,34.541985,-101.757807
7513,kress isd,2995809.0,255.0,11748,34.36395,-101.746693
7515,treetops school international,3126753.0,391.0,7997,32.82042716,-97.09455493
7516,arlington classics academy,11098487.0,1550.0,7160,32.66255801,-97.15106332
7519,fort worth academy of fine arts,5061369.0,576.0,8787,32.69098805,-97.39322189
7521,westlake academy charter school,8996713.0,879.0,10235,32.97225234,-97.21165053
7522,east fort worth montessori academy,2906596.0,302.0,9624,32.76613377,-97.25716161
7524,texas school of the arts,2800516.0,332.0,8435,32.655342,-97.334303
7525,chapel hill academy,6319139.0,647.0,9767,32.63394001,-97.39180729
7527,high point academy,11583214.0,1401.0,8268,32.78422661,-97.30188284
7528,arlington isd,571932917.0,59783.0,9567,32.720103,-97.116368
7606,birdville isd,223714364.0,23518.0,9512,32.84765707,-97.27590815
7641,everman isd,63953548.0,6166.0,10372,32.61830748,-97.28901829
7652,fort worth isd,889161119.0,84332.0,10544,32.78301846,-97.29917788
7800,grapevine-colleyville isd,136400671.0,13885.0,9824,32.91430464,-97.12057245
7821,keller isd,323476724.0,34999.0,9242,32.93976192,-97.23488398
7861,mansfield isd,319828971.0,35198.0,9087,32.61541217,-97.13041372
7904,lake worth isd,36959539.0,3367.0,10977,32.81984365,-97.4166264
7912,crowley isd,162230518.0,15686.0,10342,32.57919332,-97.37565121
7933,kennedale isd,30212231.0,3068.0,9848,32.65254,-97.198819
7940,azle isd,58109831.0,6567.0,8849,32.9132357,-97.5400162
7952,hurst-euless-bedford isd,206023815.0,23624.0,8721,32.84226567,-97.16283798
7985,castleberry isd,39125821.0,3780.0,10351,32.76210222,-97.39289502
7993,eagle mt-saginaw isd,185034727.0,19994.0,9255,32.87800652,-97.41322749
8019,carroll isd,81911114.0,8344.0,9817,32.95323269,-97.15215787
8031,white settlement isd,61415833.0,6836.0,8984,32.779323,-97.479038
8043,abilene isd,155593479.0,16484.0,9439,32.45714195,-99.75578158
8081,merkel isd,11523190.0,1137.0,10135,32.465696,-100.024907
8087,trent isd,2195588.0,171.0,12840,32.494934,-100.133058
8088,jim ned cisd,12822105.0,1250.0,10258,32.212897,-99.797567
8121,terrell county isd,2360955.0,121.0,19512,30.141421,-102.391527
8122,brownfield isd,18720582.0,1725.0,10853,33.18721,-102.262639
8128,meadow isd,3578410.0,289.0,12382,33.33979114,-102.2107748
8129,wellman-union cisd,3474810.0,335.0,10373,33.046513,-102.426092
8131,woodson isd,2024937.0,144.0,14062,33.020387,-99.052871
8132,mount pleasant isd,56367994.0,5379.0,10479,33.17620018,-94.99460748
8149,harts bluff isd,5729843.0,633.0,9052,33.204509,-94.953471
8150,texas leadership,25651116.0,2793.0,9184,31.43904863,-100.5115325
8153,christoval isd,5541989.0,549.0,10095,31.165689,-100.487538
8164,san angelo isd,130297623.0,14520.0,8974,31.46469067,-100.4509782
8191,water valley isd,4106863.0,336.0,12223,31.66230494,-100.7116442
8199,wall isd,13447838.0,1175.0,11445,31.3733094,-100.307182
8206,grape creek isd,11601830.0,1171.0,9908,31.6027569,-100.5639507
8212,veribest isd,3047861.0,285.0,10694,31.469928,-100.33604
8216,wayside schools,20519945.0,2093.0,9804,30.191717,-97.766853
8219,nyos charter school,8896437.0,1017.0,8748,30.40183982,-97.67791349
8221,texas empowerment academy,3902925.0,334.0,11685,30.27318731,-97.67220278
8224,chaparral star academy,2752770.0,385.0,7150,30.43798977,-97.69177458
8225,harmony science academy (austin),39049116.0,4025.0,9702,30.35726851,-97.68483715
8231,cedars international academy,5788571.0,548.0,10563,30.348274,-97.695384
8234,austin discovery school,4264214.0,508.0,8394,30.2735,-97.638865
8236,austin achieve public schools,16240705.0,1556.0,10437,30.30766181,-97.6805058
8237,montessori for all,4364750.0,457.0,9551,30.31715694,-97.65824872
8238,the excel center (for adults),2781956.0,382.0,7283,30.33909822,-97.69407333
8239,the excel center,1268765.0,118.0,10752,30.33909822,-97.69407333
8241,austin isd,866067916.0,79787.0,10855,30.27255113,-97.76692485
8372,pflugerville isd,251333529.0,25361.0,9910,30.44521424,-97.63243024
8402,manor isd,100384702.0,9445.0,10628,30.35283449,-97.56095335
8416,eanes isd,84197463.0,8105.0,10388,30.27663935,-97.81304058
8428,del valle isd,123854484.0,10828.0,11438,30.1790708,-97.61438078
8442,lago vista isd,14524260.0,1529.0,9499,30.440261,-97.97808
8446,lake travis isd,93548573.0,10695.0,8747,30.327362,-97.969945
8456,groveton isd,9453324.0,739.0,12792,31.05872,-95.124758
8458,trinity isd,12827848.0,1188.0,10798,30.95702546,-95.35083679
8465,apple springs isd,2228148.0,201.0,11085,31.224766,-94.971228
8467,colmesneil isd,4409839.0,483.0,9130,30.908208,-94.428781
8469,woodville isd,15918653.0,1284.0,12398,30.78525,-94.4346211
8473,warren isd,12457425.0,1274.0,9778,30.611186,-94.392458
8478,spurger isd,4236134.0,372.0,11387,30.69575,-94.179017
8480,chester isd,2240038.0,195.0,11487,30.9287,-94.614
8486,gilmer isd,23697986.0,2491.0,9513,32.72996439,-94.9535582
8490,ore city isd,9972009.0,956.0,10431,32.80821,-94.720237
8494,union hill isd,4263640.0,342.0,12467,32.812624,-94.980213
8496,harmony isd,10163192.0,1097.0,9265,32.749993,-95.080088
8500,new diana isd,10203784.0,1116.0,9143,32.708275,-94.750547
8504,union grove isd,8228120.0,754.0,10913,32.56209215,-94.9260843
8508,mccamey isd,7610109.0,566.0,13445,31.12599666,-102.2204998
8511,rankin isd,6589950.0,300.0,21967,31.229867,-101.941507
8512,knippa isd,4239651.0,460.0,9217,29.29914773,-99.63491184
8513,sabinal isd,6601113.0,448.0,14735,29.326432,-99.471743
8517,uvalde cisd,47704791.0,4244.0,11241,29.22016734,-99.78080446
8525,utopia isd,2862187.0,242.0,11827,29.61833178,-99.52890733
8526,san felipe-del rio cisd,101779996.0,10425.0,9763,29.38450792,-100.9150664
8539,comstock isd,2658802.0,199.0,13361,29.5322375,-101.039835
8540,ranch academy,1127349.0,77.0,14641,32.52811142,-95.74930223
8542,canton isd,17395040.0,2174.0,8001,32.5440102,-95.88663142
8572,grand saline isd,11861544.0,1125.0,10544,32.68428152,-95.71356409
8578,martins mill isd,5333807.0,523.0,10198,32.414757,-95.791889
8581,van isd,22589271.0,2418.0,9342,32.535625,-95.638444
8586,wills point isd,21788678.0,2519.0,8650,32.706666,-96.027883
8591,fruitvale isd,4976923.0,425.0,11710,32.685685,-95.803576
8594,bloomington isd,11471184.0,884.0,12976,28.671565,-96.854752
8598,victoria isd,129543563.0,14039.0,9227,28.8013519,-97.00236684
8626,nursery isd,1221582.0,132.0,9254,28.920965,-97.095153
8628,raven school,2005984.0,103.0,19476,30.540778,-95.556518
8630,new waverly isd,11263709.0,1028.0,10957,30.523638,-95.486327
8634,huntsville isd,76871173.0,8898.0,8639,30.74225024,-95.53442934
8645,hempstead isd,18332324.0,1573.0,11654,30.083652,-96.076739
8649,waller isd,77860091.0,7382.0,10547,30.07940382,-95.92172908
8658,royal isd,26047775.0,2369.0,10995,29.807554,-95.961415
8663,monahans-wickett-pyote isd,20940168.0,2401.0,8721,31.58801647,-102.8930945
8669,grandfalls-royalty isd,2076449.0,182.0,11409,31.34081402,-102.8516635
8670,brenham isd,50355158.0,5048.0,9975,30.181054,-96.397371
8677,burton isd,5556700.0,434.0,12803,30.18340631,-96.59995626
8680,laredo isd,253117962.0,23602.0,10724,27.51712394,-99.50457956
8710,united isd,443009007.0,43278.0,10236,27.62322775,-99.46536049
8751,webb cisd,7070391.0,268.0,26382,27.429785,-98.83479
8756,boling isd,10375108.0,1154.0,8991,29.26383997,-95.9397378
8759,east bernard isd,9691797.0,947.0,10234,29.5257582,-96.06428739
8762,el campo isd,36289404.0,3654.0,9931,29.20141441,-96.28423908
8767,wharton isd,22009034.0,1998.0,11016,29.329622,-96.084003
8771,louise isd,5784531.0,510.0,11342,29.111915,-96.407712
8774,shamrock isd,5864189.0,364.0,16110,35.21336108,-100.2401245
8777,wheeler isd,4454304.0,466.0,9559,35.447399,-100.273521
8778,kelton isd,2246671.0,90.0,24963,35.40101155,-100.1076569
8779,fort elliott cisd,2614541.0,136.0,19225,35.5836,-100.284385
8780,burkburnett isd,31400380.0,3224.0,9740,34.08146627,-98.57430445
8787,electra isd,5160888.0,419.0,12317,34.03032475,-98.91343327
8789,iowa park cisd,16773077.0,1913.0,8768,33.96406,-98.693899
8794,wichita falls isd,125746331.0,14071.0,8937,33.9326655,-98.5301019
8824,city view isd,12436765.0,1062.0,11711,33.94475816,-98.55779914
8827,harrold isd,1755653.0,107.0,16408,34.0788835,-99.03426823
8828,vernon isd,19156844.0,1950.0,9824,34.14766096,-99.311777
8957,lasara isd,5403806.0,368.0,14684,26.463375,-97.90747
8959,lyford cisd,19205703.0,1474.0,13030,26.410647,-97.800273
8963,raymondville isd,25934018.0,2050.0,12651,26.46707656,-97.77612667
8969,san perlita isd,4136919.0,269.0,15379,26.496059,-97.640115
8973,meridian world school llc,13758934.0,1648.0,8349,30.537624,-97.690495
8975,florence isd,12619566.0,1085.0,11631,30.82822049,-97.79369441
8981,georgetown isd,116322258.0,11732.0,9915,30.66709164,-97.66586118
9000,granger isd,5104651.0,445.0,11471,30.71982541,-97.43631216
9003,hutto isd,73465422.0,7578.0,9695,30.536409,-97.562351
9013,jarrell isd,19017242.0,1894.0,10041,30.8157052,-97.62480852
9019,liberty hill isd,40100895.0,4378.0,9160,30.68007814,-97.95215523
9026,round rock isd,445414430.0,50204.0,8872,30.509241,-97.698933
9089,taylor isd,34199465.0,3181.0,10751,30.548218,-97.431115
9096,thrall isd,7386582.0,734.0,10063,30.59075007,-97.29662869
9101,leander isd,352166095.0,39939.0,8818,30.5372478,-97.85125164
9143,coupland isd,1713715.0,169.0,10140,30.453492,-97.39085
9144,floresville isd,36938644.0,4049.0,9123,29.1450785,-98.15293093
9150,la vernia isd,31517861.0,3388.0,9303,29.34329303,-98.0250449
9157,poth isd,8847662.0,833.0,10621,29.07515812,-98.08265183
9163,stockdale isd,8342460.0,824.0,10124,29.230463,-97.962343
9169,kermit isd,15925593.0,1471.0,10826,31.856127,-103.082768
9172,wink-loving isd,7606503.0,460.0,16536,31.75150602,-103.151405
9174,alvord isd,7907079.0,725.0,10906,33.352183,-97.703608
9177,boyd isd,11922073.0,1338.0,8910,33.072771,-97.576042
9181,bridgeport isd,22707228.0,2074.0,10949,33.210919,-97.738563
9186,chico isd,7233507.0,603.0,11996,33.294288,-97.814832
9189,decatur isd,32765799.0,3402.0,9631,33.216448,-97.576536
9195,paradise isd,11523755.0,1235.0,9331,33.14274808,-97.69436189
9199,slidell isd,3094514.0,270.0,11461,33.359137,-97.395369
9200,hawkins isd,7464248.0,713.0,10469,32.583506,-95.206021
9203,mineola isd,18192888.0,1634.0,11134,32.67001102,-95.50211441
9207,quitman isd,11793419.0,1121.0,10520,32.79592788,-95.42678489
9210,yantis isd,3810670.0,377.0,10108,32.93043838,-95.58008462
9212,alba-golden isd,9099286.0,899.0,10122,32.759201,-95.586228
9215,winnsboro isd,13920498.0,1490.0,9343,32.95388128,-95.29527904
9218,denver city isd,18865715.0,1695.0,11130,32.97020948,-102.8364592
9222,plains isd,6167600.0,475.0,12984,33.18878,-102.825252
9225,graham isd,21841258.0,2373.0,9204,33.09706183,-98.58089745
9231,newcastle isd,2413559.0,205.0,11773,33.188547,-98.739813
9232,olney isd,9119890.0,677.0,13471,33.366682,-98.761641
9235,zapata county isd,37533118.0,3509.0,10696,26.926011,-99.247185
9241,crystal city isd,20471866.0,1923.0,10646,28.69006009,-99.82059369
9245,la pryor isd,6538687.0,503.0,12999,28.94611,-99.842271
